{"cameraMode":{"drawMode":0,"name":"Shaded","section":"Shading Mode"},"sceneLighting":false,"audioPlay":false,"sceneViewState":{"m_AlwaysRefresh":false,"showFog":true,"showSkybox":false,"showFlares":true,"showImageEffects":true,"showParticleSystems":true,"showVisualEffectGraphs":true,"m_FxEnabled":true},"in2DMode":false,"pivot":{"x":-5.960464477539063e-8,"y":0.7736613750457764,"z":-0.03568944334983826},"rotation":{"x":0.01421145536005497,"y":0.9857616424560547,"z":-0.12217377126216889,"w":0.11466527730226517},"size":1.024373173713684,"orthographic":false}